LAST NAME,FIRST NAME,,ALIAS,AGE,D.O.B.,OCCUPATION,GENDER,SEX,PRONOUNS,ROMANTIC,SEXUAL,RELATIONSHIP TYPE,NATIONALITY,ETHNICITY / RACE,SPECIES,,HEIGHT,WEIGHT,EYE COLOR,HAIR COLOR,SKIN TONE,BUILD,NOTES,,HOMETOWN,CURRENT HOME,LANGUAGES,MATERNAL PARENT,PATERNAL PARENT,SHIP,RELATIONSHIPS,,STAR SIGN,,LIKES,DISLIKES,VOICE ACTOR,SEIYUU,THEME SONG,VERSE,VERSE ALT,CREATION,OTHER ,,FRIENDLY-RESERVED,POLITE-BLUNT,CLEVER-FOOLISH,SENSITIVE-TOUGH,BRAVE-TIMID,CAREFUL-RECKLESS,SINCERE-DECEPTIVE,DILIGENT-LAZY,CALM-IRRITABLE,HUMOROUS-SERIOUS,,PERSONALITY,POSITIVE TRAITS,NEUTRAL TRAITS,NEGATIVE TRAITS,MBTI,Enneagram,D&D Alignment,HISTORY,TRIVIA,,MB1,MB2,MB3,MB4,MB5,MB6,MB7,MB8,MB9,PROFILE,DESIGN,HISTORYIMG,TRIVIAIMG
,7S,.,Clover,5,03/30,Scanner Unit,,Male,He/Him,,Demisexual,,,Scanner,Android,.,5'07,,Blue; Light,White; Cool,Fair,,,.,,,,,,,,.,Aries,.,,,Bryce Papenbrook,,Sad But Sweet - Gesu No Kiwami Otome,Nier,,,Lucky,.,2,3,5,3,4,3,4,4,4,5,.,,,,,,,,,,.,https://i.pinimg.com/736x/ad/93/c9/ad93c900ac2113fc7cc57a5f441fb10e.jpg,https://i.pinimg.com/736x/ba/0b/84/ba0b84be90f0d45830aa8e2e65d9759c.jpg,https://i.pinimg.com/736x/d6/81/54/d68154d40e2e73aff6ce779fc2dec272.jpg,https://i.pinimg.com/736x/a8/ea/8d/a8ea8db529b4d8da3fbc466479a3a673.jpg,https://i.pinimg.com/736x/79/01/c9/7901c97f6de327b06b50a0d51734a240.jpg,https://i.pinimg.com/736x/49/d3/de/49d3de4b844ef7699d9000720267bfe7.jpg,https://i.pinimg.com/736x/09/96/ae/0996aeffa9a5bd90760ebeaa14c404f0.jpg,https://i.pinimg.com/736x/56/63/33/566333290840704b9472ca1bf9502f6e.jpg,https://i.pinimg.com/736x/a7/71/34/a77134741856ee1f2776b850c71b1016.jpg,,,,
Nunline,Adrian,.,,21,11/02,,,Male,,,Heterosexual,,,Caucasian,Human,.,5'10,,,,Fair,,,.,,,,,,,,.,Scorpio,.,,,,,No Halos - Teh Ready Set | Mind Games - Sicksick,Vieulx,,,Mind Control,.,,,,,,,,,,,.,,,,,,,,,,.,,,,,,,,,,,,,
Subbora,Aemu,.,Oracle of Power,20,11/01,Oracle,,Female,,,Demisexual,Monogamy,,Gerudo / Sheikah,Human,.,5'00,,Red; Carmine,White; Beige,Tan,,,.,,,,,,,,.,Scorpio,.,,,Maryke Hendriskse,,,Zelda,,,Hammer,.,,,,,,,,,,,.,,,,,,,,,,.,,,,,,,,,,,,,
Akumamaru,Ai,.,,14,05/14,Hacker,,Female,,,Asexual,,,Japanese,Human,.,5'00,,Brown; Espresso,Green; Olive,Medium,,,.,,,,,,,,.,Taurus,.,,,,,Log In - Lo-fi Mix -ralfington,Vieulx,Moirai,,Lachesis. Sythe. Daemon Hunter. Reaper,.,,,,,,,,,,,.,,,,,,,,,,.,,,,,,,,,,,,,
Chigiri,Akene,.,The Grimoire,15,05/04,Ninja,Cisgender,Female,She/Her,Demiromantic,Demisexual,,Konohagakure,Japanese,Human,.,5'01,105 LBS,Pink; Coral,Silver; Cool,Medium,,,.,Konohagakure,Ouskirts of Konoha,Japanese,Ayuna Chigiri,Natsuno Chigiri,Sasuke Uchiha,"Nerin Chigiri(Brother) , Kae Chigiri (Brother)",.,Taurus,.,,,Cherami Leigh,Ami Koshimizu,Theres No Ending - Ruann,Naruto,None,2005,Grimoire,.,8,4,2,4,7,10,1,5,3,7,.,,,,,,,,,,.,,,,,,,,,,,,,
Toraneko,Akisu,.,ËôéÁå´ „ÅÇ„Åç„Åô,22,08/14,Ninja,,Male,,,Bisexual,Monogamy,,Meowth,Gijinka,.,5'03,,,,,,,.,,,,,,,,.,Leo,.,,,Micah Solusod,,Saib - Shanghai Nights,Pokemon,,,Meowth,.,,,,,,,,,,,.,,,,,,,,,,.,,,,,,,,,,,,,
Lorelei,Alcyone,.,Shiva,34,03/15,Assistant,,Female,,,Bisexual,,,Caucasian,Human,.,5'07,,,,,,,.,,,,,,,,.,Pisces,.,,,,,,Vieulx,,,Shiva,.,,,,,,,,,,,.,,,,,,,,,,.,,,,,,,,,,,,,
Crell,Alma,.,,18,03/27,,,Female,,,Pansexual,Monogamy,American,Caucasian,Human,.,5'05,,,,,,,.,,,,,,,,.,Aries,.,,,,,Bonfire - Woodes,Vieulx,,,,.,,,,,,,,,,,.,,,,,,,,,,.,,,,,,,,,,,,,
Ishinomori,Asame,.,,13,06/15,Spirit Medium,,Female,,,Heterosexual,Monogamy,Japanese,Japanese,Human,.,4'11,90 lbs,,,,,,.,"Fushimi-ku, Kyoto, Kyoto Prefecture, Japan",Kyoto,Japanese,Atsuko,Michio,HaoxAsame,Tamamo - Guardian Ghost,.,Gemini,.,- water ,,Cassandra Lee Morris,Rie Kugimiya,Rememberence Kerusu,Shaman King,,EST 2002,Will-o-the-wisps,.,,,,,,,,,,,.,,,,,,,,,,.,,,,,,,,,,,,,
Cahrine,Aykana,.,,17,05/04,Bone Oracle,,Female,,,Bisexual,Monogamy,,Vundo,Numen,.,5'03,110 lbs,,,,,,.,,,,,,,"Kahy, Nrien",.,Taurus,.,,,,,Strange Young World - Ranya | Fourishing Age - Kiara Magic ,Kismet,,,Faulty Bone Oracle. ,.,,,,,,,,,,,.,,,,,,,,,,.,"‚ñ∏Chomei didn‚Äôt die of old age. He won‚Äôt speak of it either. Actually, no one knows she even existed since it happened countless centuries ago.  ‚ñ∏He put the meteorite that put him on Earth in a lantern and usually carries it around. That meteorite has strange properties.  ‚ñ∏Hizashi has an amazing sense of direction. He always knows where he is going and is a pro at giving directions.  ‚ñ∏His scars are on his back. He will defiantly lie to you if you ask how he got them",,,,,,,,,,,,
Calnasy,Ayren,.,,19,06/12,,,Female,,,Bisexual,Monogamy,,,Werewolf,.,5'01,,Multi; Green/Pink,Gray; Ash,Medium,,,.,,,,,,,,.,Gemini,.,,,,,Nightmare - Halsey,None,,,,.,,,,,,,,,,,.,,,,,,,,,,.,,,,,,,,,,,,,
Fyfe (Nunline),Bailey,.,,40,06/11,Fashion Designer,,Female,,,Pansexual,Monogamy,American,Caucasian,Human,.,5'05,,,,,,,.,,,,,,,,.,Gemini,.,,,,,,Vieulx,,,,.,,,,,,,,,,,.,,,,,,,,,,.,,,,,,,,,,,,,
Nakahara,Banri,.,,35,01/12,Abecedarian,,Male,,,Heterosexual,Monogamy,,Japanese,Gijinka,.,6'09,255lbs,,,,,,.,,,,,,,,.,Capricorn,.,,,,,,Pokemon,,,Emboar,.,,,,,,,,,,,.,,,,,,,,,,.,,,,,,,,,,,,,
Tamyre,Basil,.,,17,08/21,,,Female,,,Pansexual,Monogamy,,Mediterranean Descent,Human,.,5'07,,,,,,,.,,,,,,,,.,Leo,.,,,,,Streaks - Anima!,Vieulx,,,Tiger. Works for Alastair.,.,,,,,,,,,,,.,,,,,,,,,,.,,,,,,,,,,,,,
Lyle,Becka,.,,21,09/19,,,Female,,,Demisexual,Monogamy,,Greek Descent,Human,.,5'05,,,,,,,.,,,,,,,,.,Virgo,.,,,,,,Vieulx,,,Mind Reader. Prosthetic Leg,.,,,,,,,,,,,.,,,,,,,,,,.,,,,,,,,,,,,,
Laconsay,Bennie,.,,45,4/26,Police Officer,,Male,,,Heterosexual,Monogamy,American,,,.,,,,,,,,.,,,,,,,,.,Taurus,.,,,,,,Vieulx,,,,.,,,,,,,,,,,.,,,,,,,,,,.,,,,,,,,,,,,,
Klase,Bilece,.,,6,03/12,,,Androgyne,She/Her,,Asexual,,,Moth,Golem,.,4'09,,,,,,,.,,,,,,,,.,Pisces,.,,,,,,Kismet,Pokemon,,Celebi. Moth Golem. Bug Fairy,.,,,,,,,,,,,.,,,,,,,,,,.,,,,,,,,,,,,,
Witten,Blake,.,Black Sun,19,02/22,,,Male,,,Heterosexual,Monogamy,,Japanese/British,Human,.,5'07,140lbs,,,,,,.,,,,,,,,.,Pisces,.,,,,,,None,,,Etro Messenger. Starboy. Brainwashed,.,,,,,,,,,,,.,,,,,,,,,,.,,,,,,,,,,,,,
Nobel,Bo,.,,17,11/05,Shepard,,Female,,,Heterosexual,Monogamy,,Scandinavian,Human,.,5'00,,,,,,,.,,,,,,,,.,Scorpio,.,,,,,Into The Light - Sharax,None,,,,.,,,,,,,,,,,.,,,,,,,,,,.,,,,,,,,,,,,,
Phoen,Brighid,.,Boss,32,01/03,,,Female,,,Bisexual,Monogamy,,Caucasian,Gijinka,.,5'00,,,,,,,.,,,,,,,,.,Capricorn,.,,,,,Outdoor Sports - Lights,None,Pokemon,,Moltres. Gang Leader in the Slums. Scarred Body. Tiny Athletic. ,.,,,,,,,,,,,.,,,,,,,,,,.,,,,,,,,,,,,,
Blackwell,Cade,.,,17,04/18,,,Male,,,Bisexual,Monogamy,American,Caucasian,,.,,,,,,,,.,,,,,,,,.,Aries,.,,,,,,Vieulx,,,,.,,,,,,,,,,,.,,,,,,,,,,.,,,,,,,,,,,,,
Sean,Calin,.,,5,07/04,,,Male,,,Homosexual,Monogamy,,Mediterranean Caucasian Mix,Human,.,5'09,,,,,,,.,,,,,,,,.,Cancer,.,,,,,,Vieulx,,,Sandman?,.,,,,,,,,,,,.,,,,,,,,,,.,,,,,,,,,,,,,
Pistrix,Calypso,.,Caly,34,03/14,Pirate,,Male,,,Heterosexual,,,Greek Descent,Gijinka,.,6'02,,Red; Blood,Blue; Cobalt,,,,.,,,,,,,,.,Pisces,.,,,,,,None,Pokemon,,Sharpedo,.,,,,,,,,,,,.,,,,,,,,,,.,,,,,,,,,,,,,
Laconsay,Carla,.,,39,08/20,Stay At Home Mom,,Female,,,Heterosexual,Monogamy,,Caucasian,Human,.,5'07,,,,,,,.,,,,,,,,.,Leo,.,,,,,,Vieulx,,,,.,,,,,,,,,,,.,,,,,,,,,,.,,,,,,,,,,,,,
Saevus,Ceryx,.,,15,01/22,Messenger,,Male,,,Demisexual,Monogamy,,Caucasian,Human,.,4'11,,,,,,,.,,,,,,,,.,Aquarius,.,,,,,,Final Fantasy,,,Messenger. Ardyn. Double Agent,.,,,,,,,,,,,.,,,,,,,,,,.,,,,,,,,,,,,,
Inge,Chance,.,,28,01/21,,,Female,,,Pansexual,Monogamy,,Caucasian,Human,.,5'07,,,,,,,.,,,,,,,,.,Aquarius,.,,,,,,None,,,Monk Style Fighting,.,,,,,,,,,,,.,,,,,,,,,,.,,,,,,,,,,,,,
Wiswall,Claire,.,,13,04/11,,,Female,,,Greysexual,Monogamy,,Caucasian,Human,.,5'03,,,,,,,.,,,,,,,,.,Aries,.,,,,,,None,,,Swordsman,.,,,,,,,,,,,.,,,,,,,,,,.,,,,,,,,,,,,,
Merold ,Clara,.,,24,01/21,Anthropologist,,Female,,,Heterosexual,Monogamy,,Caucasian,Human,.,5'06,,,,,,,.,,,,,,,,.,Aquarius,.,,,,,,Vieulx,,,Martyr,.,,,,,,,,,,,.,,,,,,,,,,.,,,,,,,,,,,,,
,Clear,.,,17,07/27,,,,,,Pansexual,Monogamy,,Caucasian,Elf,.,5'02,,,,,,,.,,,,,,,,.,Leo,.,,,,,Agaisnt All Gods -m-flo,Kismet,,,,.,,,,,,,,,,,.,,,,,,,,,,.,,,,,,,,,,,,,
Tseng,Cologera,.,,25,04/15,,,Female,,,Heterosexual,Monogamy,,Chinese,Human,.,5'01,,,,,,,.,,,,,,,,.,Aries,.,,,,,Hi-light - Erika Nishi,None,,,,.,,,,,,,,,,,.,,,,,,,,,,.,,,,,,,,,,,,,
Yun,Cui,.,,22,02/28,,,Intersex,,,Pansexual,Monogamy,,Chinese,Human,.,5'07,,,,,,,.,,,,,,,,.,Pisces,.,,,,,Poisonous Gas- Anamanaguchi,None,,,Yea I vape,.,,,,,,,,,,,.,,,,,,,,,,.,,,,,,,,,,,,,
Arbre,Dahon,.,,17,02/17,,,Male,,,Greysexual,Monogamy,,Caucasian,Elf,.,5'06,,Blue; Azure,Green; Jade,Light,,,.,,,,,,,,.,Aquarius,.,,,,,,None,,,Poisonous Plants. Hair Changes with Seasons,.,,,,,,,,,,,.,,,,,,,,,,.,,,,,,,,,,,,,
Nunline,Desirae,.,,16,03/10,,,Female,,,Pansexual,Monogamy,,Caucasian,Human,.,5'04,,,,,,,.,,,,,,,,.,Pisces,.,,,,,Trouble - Annella,Vieulx,,,Phasing,.,,,,,,,,,,,.,,,,,,,,,,.,,,,,,,,,,,,,
Carlisle,Diana,.,,15,07/03,,,Female,,,Heterosexual,Monogamy,,French,Human,.,5'06,,,,,,,.,,,,Florence ,Gavin,,,.,Cancer,.,,,,,,Vieulx,,,,.,,,,,,,,,,,.,,,,,,,,,,.,,,,,,,,,,,,,
Amundson,Drake,.,Ifrit,25,05/03,,,Male,,,Heterosexual,Monogamy,,Caucasian,Dragon,.,6'00,,,,,,,.,,,,,,,Lluem,.,Taurus,.,,,,,Play With Fire (feat. Yacht Money) Sam Tinnez,Vieulx,,,Ifrit. Dragon. Fire,.,,,,,,,,,,,.,,,,,,,,,,.,,,,,,,,,,,,,
Nunline,Edalene,.,,38,02/21,Psychiatrist,,Female,,,Heterosexual,Monogamy,,Caucasian,Human,.,5'05,,,,,,,.,,,,,,,,.,Pisces,.,,,,,,Vieulx,,,,.,,,,,,,,,,,.,,,,,,,,,,.,,,,,,,,,,,,,
Everson,Eden,.,,17,03/02,,,Male,,,Homosexual,Monogamy,,Caucasian,,.,5'04,,,,,,,.,,,,,,,,.,Pisces,.,,,,,,None,,,,.,,,,,,,,,,,.,,,,,,,,,,.,,,,,,,,,,,,,
Nunline,Elias,.,,14,05/25,,,Male,,,Homosexual,Monogamy,,Caucasian,Human,.,5'11,,,,,,,.,,,,,,,,.,Gemini,.,,,,,,Vieulx,,,Sandman,.,,,,,,,,,,,.,,,,,,,,,,.,,,,,,,,,,,,,
Durgan,Ella,.,,13,05/27,,,Female,,,Heterosexual,Monogamy,American,Caucasian,Human,.,5'02,,,,,,,.,,,,Erin Nunline,Will Durgan,,,.,Gemini,.,,,,,,Vieulx,,,,.,,,,,,,,,,,.,,,,,,,,,,.,,,,,,,,,,,,,
Nunline,Emil,.,,14,01/24,,,Male,,,Pansexual,Monogamy,,Caucasian,Human,.,5'06,,,,,,,.,,,,,,,,.,Aquarius,.,,,Aaron Dismuke,,,Vieulx,,,Time Manipulation,.,,,,,,,,,,,.,,,,,,,,,,.,,,,,,,,,,,,,
Nunline,Eric,.,,16,12/31,,,Male,,,Homosexual,Monogamy,,Caucasian,Human,.,6'02,,,,,,,.,,,,,,,,.,Capricorn,.,,,,,,Vieulx,,,Future Sight,.,,,,,,,,,,,.,,,,,,,,,,.,,,,,,,,,,,,,
Nunline,Erin,.,,16,01/01,,,Female,,,Heterosexual,Monogamy,,Caucasian,Human,.,5'03,,,,,,,.,,,,,,,,.,Capricorn,.,,,,,The Promise ~ Suneth Waterscape - Franco Albertini,Vieulx,,,,.,,,,,,,,,,,.,,,,,,,,,,.,,,,,,,,,,,,,
,Esca,.,,17,07/28,,,Female,,,Bisexual,Monogamy,,,,.,,,,,,,,.,,,,,,,,.,Leo,.,,,,,,Dragon Ball Z,,,,.,,,,,,,,,,,.,,,,,,,,,,.,,,,,,,,,,,,,
Valastro,Euan,.,,57,08/19,Priest,,Male,,,Homosexual,Monogamy,,Eastern European,Human,.,6'00,,,,,,,.,,,,,,,,.,Leo,.,,,,,,Vieulx,,,,.,,,,,,,,,,,.,,,,,,,,,,.,,,,,,,,,,,,,
Zadder,Exillia,.,Exil,27,03/07,,,Intersex,,,Greysexual,,,,Shadow,.,4'05,,,,,,,.,,,,,,,Momo (half sibling),.,Pisces,.,,,,,Little Games - Benny,None,,,Vector Arrows,.,,,,,,,,,,,.,,,,,,,,,,.,,,,,,,,,,,,,
Tobias,Ezra,.,,24,12/12,,,Male,,,Demisexual,Monogamy,,,Human,.,5'10,,,,,,,.,,,,,,,,.,Sagittarius,.,,,,,Blood .. Water - King Kavalier Remid - Grandson,None,,,Knives,.,,,,,,,,,,,.,,,,,,,,,,.,,,,,,,,,,,,,
Everson,Faye,.,,19,07/17,,,Female,,,Homosexual,Monogamy,American,Caucasian,Human,.,5'05,,,,Fair,,,.,,,,,,,,.,Cancer,.,,,,,Machine Gun - Kira,None,,,Gasmask Girl,.,,,,,,,,,,,.,,,,,,,,,,.,,,,,,,,,,,,,
Hesiod,Gaia,.,,5000,03/25,God,,,,,Asexual,,,Numen,God,.,6'00,,,,,,,.,,,,,,,,.,Aries,.,,,,,,Kismet,,,,.,,,,,,,,,,,.,,,,,,,,,,.,,,,,,,,,,,,,
Karcharias,Galene,.,,24,10/12,,,Female,,,Heterosexual,Monogamy,,Caucasian,Gijinka,.,5'07,135,,,,,,.,,,,,,,,.,Libra,.,,,,,,None,Pokemon,,Cahrvana. Rough Skin condition. Scary Teeth. Delinquent ,.,,,,,,,,,,,.,,,,,,,,,,.,,,,,,,,,,,,,
Carlisle,Gavin,.,,24,10/05,Pirate,,Male,,,Heterosexual,Monogamy,,Caucasian,Human,.,6'00,,,,,,,.,,,,,,,,.,Libra,.,,,,,,Vieulx,,,,.,,,,,,,,,,,.,,,,,,,,,,.,,,,,,,,,,,,,
Carlisle,Genevieve,.,Gen,20,12/28,,,Female,,,Bisexual,Monogamy,,Caucasian,Human,.,5'05,,,,,,,.,,,,,,,,.,Capricorn,.,,,,,Siren - Kailee Morgue,Vieulx,,,,.,,,,,,,,,,,.,,,,,,,,,,.,,,,,,,,,,,,,
Astrup,Gneiss,.,,300,02/02,,,Androgyne,She/Her,,Asexual,,,Oni,Golem,.,4'07,,,,,,,.,,,,,,,,.,Aquarius,.,,,,,,Kismet,,,Blue Crystals,.,,,,,,,,,,,.,,,,,,,,,,.,,,,,,,,,,,,,
Nelson,Grant,.,,40,07/07,Gang Leader,,Male,,,Heterosexual,Monogamy,,Caucasian,Human,.,6'03,200lbs,,,,,,.,,,,,,,,.,Cancer,.,,,Kyle Hebert,,,Vieulx,,,Bandits/Gant Leader,.,,,,,,,,,,,.,,,,,,,,,,.,,,,,,,,,,,,,
Buell,Grey,.,,16,11/05,,,Female,,,Greysexual,Monogamy,,Caucasian,Human,.,4'11,,Gray; Ash,Gray; Ash,Fair,,,.,,,,,,,,.,Scorpio,.,,,,,Mayaoizuki Cytus Testimony 2,None,,,,.,,,,,,,,,,,.,,,,,,,,,,.,,,,,,,,,,,,,
Nagareboshi,Hizashi,.,ÊµÅ„ÇåÊòü Êó•Â∑Æ„Åó,1000+,11/04,Lord,,Male,,,Pansexual,,Sun Empire,Rayquaza,Gijinka,.,6'02,160lbs,,,,,,.,Gale Spring,Radiant Harbor,Japanese,N/A,N/A,N/A,N/A,.,Scorpio,.,‚úî‚Äã Lanterns ‚úî‚Äã Festivals ‚úî‚Äã Drinking ‚úî‚Äã Hot springs ‚úò ‚ÄãSweets ‚úò ‚ÄãBeing Sober ‚úò ‚ÄãExtreme Weather ,,Matthew Mercer,Daisuke Ono,Koto - Clozee,Pokemon,,,"Type: Dragon / Flying. Moves: Dragon Dance, Dragon Pulse, Extreme Speed, Fly, Dragon Ascent, Outrage Ability - Air Lock",.,,,,,,,,,,,.,"‚úÖ Positive Traits
Approachable, Gregarious, Magnanimous, Whimsical, Observant
üü° Neutral Traits
Enigmatic, Fickle
‚ùå Negative Traits
Hedonistic, Blas√©

Hizashi is a charming and sociable individual, always wearing a smile and bringing joy to those around him. He thrives on making connections and spreading happiness to others. However, his behavior can sometimes be unpredictable and eccentric, leaving people wondering about the true nature of his thoughts.

He prefers to observe rather than be the center of attention, making him a great listener but also someone who keeps his own life shrouded in mystery.

Having lived for so long, Hizashi has become somewhat disillusioned‚Äîfew things impress him anymore. This can come across as indifference or apathy, which some may find off-putting. Though he is capable of faking excitement, deep down, he longs for something that will reignite his passion for life.

His fickleness stems from this very pursuit‚Äîthe desire to find the one thing that will make him happy again, regardless of the cost.",,,,,,,,"‚ñ∏Chomei didn‚Äôt die of old age. He won‚Äôt speak of it either. Actually, no one knows she even existed since it happened countless centuries ago.  ‚ñ∏He put the meteorite that put him on Earth in a lantern and usually carries it around. That meteorite has strange properties.  ‚ñ∏Hizashi has an amazing sense of direction. He always knows where he is going and is a pro at giving directions.  ‚ñ∏His scars are on his back. He will defiantly lie to you if you ask how he got them",.,,,,,,,,,,,,,
Gottlieb,Holli,.,,15,08/26,,,Intersex,,,Asexual,Monogamy,,German Descent,Mosaic,.,5'05,,,,,,,.,,,,,,,,.,Virgo,.,,,,,Rebirth - 3r2,Not Accessible,,,Black Sun. Mecha,.,,,,,,,,,,,.,,,,,,,,,,.,,,,,,,,,,,,,
Harrow,Irvin,.,,30,10/25,,,Male,,,Heterosexual,Monogamy,American,African Descent,Human,.,6'02,171lbs,,,,,,.,,,,,,,,.,Scorpio,.,,,,,,None,,,Plant. Gardener. Green Witch,.,,,,,,,,,,,.,,,,,,,,,,.,,,,,,,,,,,,,
Gardini,Isla,.,,32,04/18,Water Witch,,Female,,,Homosexual,Monogamy,,Polynesian Descent,Human,.,5'05,,,,,,,.,,,,,,,,.,Aries,.,,,,,Water - Omarr,None,,,,.,,,,,,,,,,,.,,,,,,,,,,.,,,,,,,,,,,,,
Ianua,January,.,Jan,???,01/10,Scribe,,Female,,,Heterosexual,Monogamy,,Lithuanian ,Human,.,5'04,,,,,,,.,,,,,,,,.,Capricorn,.,,,,,,Vieulx,,,Etro,.,,,,,,,,,,,.,,,,,,,,,,.,,,,,,,,,,,,,
Aurelio,Jia,.,,12,01/15,,,Female,,,Bisexual,Monogamy,,Italian/Chinese,Human,.,5'04,,,,,,,.,,,,Mingmei Huang,Del Aurelio ,,,.,Capricorn,.,,,,,,Vieulx,,,,.,,,,,,,,,,,.,,,,,,,,,,.,,,,,,,,,,,,,
Nozick,Joel,.,,26,04/22,,,Male,,,Bisexual,Monogamy,,Caucasian,Human,.,5'05,,,,Fair,,,.,,,,,,,,.,Taurus,.,,,,,,None,,,,.,,,,,,,,,,,.,,,,,,,,,,.,,,,,,,,,,,,,
Himura,Junji,.,,30,01/06,,,Male,,,Heterosexual,Monogamy,,Typhlosion,Gijinka,.,5'07,,,,,,,.,,,,,,,,.,Capricorn,.,,,,,,Pokemon,,,Typhlosion,.,,,,,,,,,,,.,,,,,,,,,,.,,,,,,,,,,,,,
Chigiri,Kae,.,,30,12/22,Ninja,,Male,,,Heterosexual,Monogamy,Konohagakure,Japanese,Human,.,5'10,,Blue; Ice,Silver; Dark,Medium,,,.,,,,,,,,.,Capricorn,.,,,,,First Snow Keresu,Naruto,,,Jounin. Chigri Counsel. Kiri bf,.,,,,,,,,,,,.,,,,,,,,,,.,,,,,,,,,,,,,
Cahrine,Kahy,.,,25,03/22,Bone Oracle,,Male,,,Demisexual,Monogamy,,Vundo,Numen,.,5'10,,,,,,,.,,,,,,,"Aykana, Nrien",.,Aries,.,,,,,,Kismet,,,Prodigy Bone Oracle,.,,,,,,,,,,,.,,,,,,,,,,.,,,,,,,,,,,,,
Uchiha,Kaname,.,,7,06/02,Ninja,,Male,,,Bisexual,,,Japanese,Human,.,5'07,,Black; Black/Silver,Black; Black/Silver,,,,.,,,,Akene Chigiri,Sasuke Uchiha,,,.,Gemini,.,,,,,,Naruto,,,Sasu/Ake kid,.,,,,,,,,,,,.,,,,,,,,,,.,,,,,,,,,,,,,
,Kavachi,.,,57,04/10,Mercenary,,Male,,,Demisexual,Monogamy,Rudania,,Zora,.,,,,,,,,.,,,,,,,,.,Aries,.,,,,,,Zelda,,,,.,,,,,,,,,,,.,,,,,,,,,,.,,,,,,,,,,,,,
Imamura,Koppun,.,,27,05/04,Grim Reaper,,Female,,,Heterosexual,Monogamy,Japanese,Japanese,Human,.,5'03,,,,,,,.,,,,,,,,.,Taurus,.,,,,,Hallucinating - Elohim,Moirai,Inuyasha,,Grim Reaper. Atropos.,.,,,,,,,,,,,.,,,,,,,,,,.,,,,,,,,,,,,,
Kanemaru,Kunri,.,,15,12/21,,,Female,,,Bisexual,Monogamy,,Feline,Numen,.,5'06,,Yellow; Gold,Orange; Pumpkin,Fair,,,.,,,,,,,,.,Sagittarius,.,,,,,,Not Accessible,,,,.,,,,,,,,,,,.,,,,,,,,,,.,,,,,,,,,,,,,
Laconsay,Laurel,.,,14,09/10,Con Artist,,Female,,,Asexual,,American,Caucasian / Pacific Islander,Human,.,5'00,100lbs,,,,,,.,Vieulx,Vieulx,English,Carla Laconsay,Bennie Laconsay,None,Brother - Reno Laconsay,.,Virgo,.,Money + Tricking People ,,Reba Buhr,Saori Hayami,"Fight Club - Lights, Free Animal - Foreign Air",Vieulx,,2010,"Daughter of a cop, this girl knows how to break the law and not get caught. Younger sister to Reno.",.,,,,,,,,,,,.,"‚úÖ Positive Traits
Resourceful, Independent, Friendly
üü° Neutral Traits
Guileful, Direct
‚ùå Negative Traits
Arrogant, Rebellious, Vindictive

Laurel is a fiercely independent and adaptable individual, always finding a way to turn situations in their favor. Their resourcefulness makes them quick on their feet, and despite their sometimes sharp edges, they maintain a friendly demeanor when it suits them.

However, Laurel isn‚Äôt one to play by the rules. They are guileful and direct, knowing when to use cunning or blunt honesty to get what they want. This makes them unpredictable‚Äîa strategist at heart, but never one to sugarcoat things.

On the other hand, their arrogance and rebellious streak often lead them into conflict with authority figures. Laurel refuses to be controlled, and when pushed, their vindictive nature ensures they don‚Äôt forgive or forget easily. While they can be a great ally, crossing them is a dangerous mistake.",,,,,,,,,.,,,,,,,,,,,,,
,Lilith,.,,1,03/30,,,Androgyne,She/Her,,Greysexual,Monogamy,,,Humanoid Machine,.,5'04,,,,,,,.,,,,,,,,.,Aries,.,,,,,"Little Cry Of The Abyss -sasakure.uk, Asako Toki",Nier,,,Made from 7S body,.,,,,,,,,,,,.,,,,,,,,,,.,,,,,,,,,,,,,
Amarum,Lito,.,,23,12/12,,,Male,,,Asexual,,,Caucasian,Human,.,5'08,,,,,,,.,,,,,,,,.,Sagittarius,.,,,,,,None,,,,.,,,,,,,,,,,.,,,,,,,,,,.,,,,,,,,,,,,,
Arbre,Lluem,.,,13,05/14,,,Female,,,Asexual,,,Caucasian,Elf,.,5'04,,,,,,,.,,,,,,,,.,Taurus,.,,,,,The Willow Maid - Erutan,None,,,Vines,.,,,,,,,,,,,.,,,,,,,,,,.,,,,,,,,,,,,,
Meehan,Logan,.,,200,12/18,,,Male,,,Bisexual,,,,Demon,.,6'00,,,,,,,.,,,,,,,,.,Sagittarius,.,,,,,,Moirai,,,Soul Thief,.,,,,,,,,,,,.,,,,,,,,,,.,,,,,,,,,,,,,
,Luar,.,,25,12/21,Prince,,Male,,,,,,,,.,,,,,,,,.,,,,,,,,.,Sagittarius,.,,,,,,Zelda,,,,.,,,,,,,,,,,.,,,,,,,,,,.,,,,,,,,,,,,,
Inficio,Luca,.,,45,06/17,,,Male,,,Homosexual,Monogamy,,Romanian,Human,.,5'10,,,,,,,.,,,,,,,,.,Gemini,.,,,,,,Vieulx,,,,.,,,,,,,,,,,.,,,,,,,,,,.,,,,,,,,,,,,,
Witten,Maia,.,,22,05/05,,,Female,,,Heterosexual,Monogamy,,Japanese/British,Human,.,5'07,,,,,,,.,,,,,,,,.,Taurus,.,,,,,London Bridge Is Falling Down - Egoist,None,,,Etro Messenger. Brainwashed,.,,,,,,,,,,,.,,,,,,,,,,.,,,,,,,,,,,,,
Chishu,Mao,.,,16,07/21,,,Female,,,Pansexual,Monogamy,,Japanese,Human,.,5'05,,,,,,,.,,,,,,,,.,Cancer,.,,,,,Recurring Dream - Frozen Stardall,Moirai,,,Lantern. Poe Collector. Clotho,.,,,,,,,,,,,.,,,,,,,,,,.,,,,,,,,,,,,,
Nunline,Margot,.,,42,5/8,,,Female,,,,,,,,.,,,,,,,,.,,,,,,,,.,Taurus,.,,,,,,Vieulx,,,,.,,,,,,,,,,,.,,,,,,,,,,.,,,,,,,,,,,,,
Mohr,Mason,.,,22,08/23,Mason,,Male,,,Greysexual,Monogamy,,German Descent,Human,.,5'06,,,,,,,.,,,,,,,,.,Virgo,.,,,,,Runnin Dylan Dunlap,None,,,,.,,,,,,,,,,,.,,,,,,,,,,.,,,,,,,,,,,,,
Suishoi,Menou,.,,16,04/23,,,Female,,,Demisexual,Monogamy,,Japanese,Human,.,5'00,105 lbs,,,,,,.,,,,,,,,.,Taurus,.,,,,,,,,,,.,,,,,,,,,,,.,,,,,,,,,,.,,,,,,,,,,,,,
Pelucie,Meyn,.,,4000,04/01,,,Androgyne,She/He/They,,Pansexual,Monogamy,,Caucasian,Gijinka,.,4'05,,Pink; Bubblegum,Blue; Baby,Pale,,,.,,,,,,,,.,Aries,.,,,,,En Annan Tid Ett Annat Liv Maria Andersson Kevin Penkin,None,Pokemon,,Mew,.,,,,,,,,,,,.,,,,,,,,,,.,,,,,,,,,,,,,
Nox,Micah,.,,17,09/01,,,Male,,,Pansexual,Monogamy,,Lithuanian/Mediterranean/French/Arabian,Human,.,6'01,,,,,,,.,,,,,,,,.,Virgo,.,,,,,Throne - Saint Mesa,Vieulx,,,,.,,,,,,,,,,,.,,,,,,,,,,.,,,,,,,,,,,,,
Nunline,Michael,.,,38,03/28,Ceo,,Male,,,Pansexual,Monogamy,,Caucasian,Human,.,6'01,,,,,,,.,,,,,,,,.,Aries,.,,,,,,Vieulx,,,,.,,,,,,,,,,,.,,,,,,,,,,.,,,,,,,,,,,,,
,Mimi,.,,17,,,Cisgender,Female,She/Her,,,,,,,.,"4'11""",,Pink; Bubblegum,Pink; Dusty,,,,.,,,,,,,,.,#N/A,.,,,,,,Dragon Ball Z,,,,.,,,,,,,,,,,.,,,,,,,,,,.,,,,,,,,,,,,,
Huang,Mingmei,.,,19,11/06,,,Female,,,Pansexual,Monogamy,Chinese,Chinese,Human,.,5'03,,,,,,,.,,,,,,,,.,Scorpio,.,,,,,Bombs Bnny Rbbt,Vieulx,,,Bombs!,.,,,,,,,,,,,.,,,,,,,,,,.,,,,,,,,,,,,,
OF Tempest Dunes,Mirage Oasis,.,,14,02/04,Monk,,Female,,,Asexual,,,Sand Cat,Tabaxi,.,5'05,,,,,,,.,,,,,,,,.,Aquarius,.,,,,,,DND,,,,.,,,,,,,,,,,.,,,,,,,,,,.,,,,,,,,,,,,,
Inficio,Mircea,.,,45,06/17,,,Male,,,Bisexual,,,Romanian,Human,.,5'10,,,,,,,.,,,,,,,,.,Gemini,.,,,,,,Vieulx,,,,.,,,,,,,,,,,.,,,,,,,,,,.,,,,,,,,,,,,,
Settee,Mixture,.,Mix,17,04/15,,,Female,,,Asexual,Monogamy,,Eastern European,Human,.,5'01,,,,,,,.,,,,,,,,.,Aries,.,,,,,Mind Games - Sickick,None,,,,.,,,,,,,,,,,.,,,,,,,,,,.,,,,,,,,,,,,,
Mycin,Molly,.,Mushroom Princess,10,05/20,,,Female,,,Asexual,,,Caucasian,Human,.,4'00,,,,,,,.,,,,,,,,.,Taurus,.,,,,,,None,,,Mushrooms,.,,,,,,,,,,,.,,,,,,,,,,.,,,,,,,,,,,,,
Mochinoko,Momo,.,,15,05/31,,,Female,,,Asexual,Monogamy,,Japanese,Shadow,.,5'00,,,,,,,.,,,,,,,,.,Gemini,.,,,,,"Aftedark - ,yrne",None,,,Daemon/Shadow Master,.,,,,,,,,,,,.,,,,,,,,,,.,,,,,,,,,,,,,
,Mori,.,,84,11/24,,,Male,,,Asexual,,,,,.,6'01,,,,,,,.,,,,,,,,.,Sagittarius,.,,,,,Nightmares - Brother Sundance,Not Accessible,,,Zippers,.,,,,,,,,,,,.,,,,,,,,,,.,,,,,,,,,,,,,
Nox-Cardei,Nadya,.,,22,09/25,,,Female,,,Heterosexual,Monogamy,,Mediterranean,Human,.,5'06,,,,,,,.,,,,,,,,.,Libra,.,,,,,Nice Girl - Syence,Vieulx,,,,.,,,,,,,,,,,.,,,,,,,,,,.,,,,,,,,,,,,,
007685,Naho,.,,17,05/20,Assassin,Cisgender,Female,She/Her,,Asexual,Monogamy,,Caucasian,Android,.,5'02,314 lbs,Orange; Burnt,Pink; Dusty Rose,Fair,,,.,,,,,,,,.,Taurus,.,,,,,Dont - Nakumara Emi,Kismet,,,Gneiss Clone. Handguns. Bells,.,,,,,,,,,,,.,,,,,,,,,,.,,,,,,,,,,,,,
Chigiri,Nerin,.,,25,11/11,Ninja,,Male,,,Heterosexual,Monogamy,Konohagakure,Japanese,Human,.,5'07,,Pink; Coral,Silver; Cool,Medium,,,.,,,,,,,,.,Scorpio,.,,,Jason Liebrecht,Junko Minagawa,,Naruto,,,Medical Nin,.,,,,,,,,,,,.,,,,,,,,,,.,,,,,,,,,,,,,
Dupree,Noah,.,,15,09/26,,,Female,,,Demisexual,Monogamy,,Caucasian,Human,.,5'06,,,,,,,.,,,,,,,,.,Libra,.,,,Christine Marie Cabanos,,,None,,,,.,,,,,,,,,,,.,,,,,,,,,,.,,,,,,,,,,,,,
Howard,Noel,.,,22,07/17,,,Male,,,Demisexual,Monogamy,American,German Descent,Human,.,5'05,,,,,,,.,,,,,,,,.,Cancer,.,,,Justin Briner,,,Vieulx,,,Vitiligo. Phobia of Women. Blacksmith. Magic Chains,.,,,,,,,,,,,.,,,,,,,,,,.,,,,,,,,,,,,,
Orsanith,Nonie,.,,30,03/07,,,Female,,,Pansexual,Monogamy,,Caucasian,Human,.,5'06,,,,,,,.,,,,,,,,.,Pisces,.,,,,,,None,,,,.,,,,,,,,,,,.,,,,,,,,,,.,,,,,,,,,,,,,
,Noodle,.,Noodz,27,09/10,Gremlin,,Female,,,Pansexual,,,,Tiger,.,,,,,,,,.,,,,,,,,.,Virgo,.,,,,,Noodle Cove - Leon Chang,None,,,,.,,,,,,,,,,,.,,,,,,,,,,.,,,,,,,,,,,,,
Cahrine,Nrien,.,,23,09/12,Healer,,Male,,,Heterosexual,,,Vundo,Numen,.,5'07,,,,,,,.,,,,,,,"Aykana, Kahy",.,Virgo,.,,,,,,Kismet,,,Healer. Medicine Man,.,,,,,,,,,,,.,,,,,,,,,,.,,,,,,,,,,,,,
Valastro,Oaks,.,,30,05/09,,,Male,,,Heterosexual,Monogamy,,Eastern European,Human,.,5'11,,,,,,,.,,,,,,,,.,Taurus,.,,,,,Money Money (sleeping Lion Remid) Transviolet,Vieulx,,,Guns,.,,,,,,,,,,,.,,,,,,,,,,.,,,,,,,,,,,,,
Miura,Oan,.,,14,09/08,,,Female,,,Heterosexual,Monogamy,,Asian Descent,Human,.,5'04,,,,,,,.,,,,,,,,.,Virgo,.,,,,,,None,,,,.,,,,,,,,,,,.,,,,,,,,,,.,,,,,,,,,,,,,
Amagawa,Oniji,.,,15,07/01,Ninja,,Male,,,Pansexual,Monogamy,,Japanese,Human,.,6'00,,,,,,,.,,,,,,,,.,Cancer,.,,,,,,Naruto,,,Danzo Experiments. Different Limbs,.,,,,,,,,,,,.,,,,,,,,,,.,,,,,,,,,,,,,
Galbraith,Oren,.,,23,10/31,,,Male,,,Bisexual,Monogamy,American,Mediterranean Descent ,Human,.,5'06,,Yellow; Lemon,Purple; Dark,Medium,,,.,,,,,,,,.,Scorpio,.,,,,,,None,,,Fox/Cat skull mask,.,,,,,,,,,,,.,,,,,,,,,,.,,,,,,,,,,,,,
Inficio,Paet,.,,23,09/01,Scribe,,Male,,,Pansexual,Monogamy,,Lithuanian / Romanian,Human,.,5'11,,,,,,,.,,,,,,,,.,Virgo,.,,,,,,Vieulx,,,Ex-Demi God. Smokes and Incense. Drug Addict.,.,,,,,,,,,,,.,,,,,,,,,,.,,,,,,,,,,,,,
Belisle,Phoebe,.,,21,10/05,,,Female,,,Heterosexual,Monogamy,,Caucasian,Human,.,5'07,,,,,,,.,,,,,,,Quinn ,.,Libra,.,,,Colleen Smith Clinkenbeard,,,None,,,Giant Gauntlets,.,,,,,,,,,,,.,,,,,,,,,,.,,,,,,,,,,,,,
,Poe,.,"Wil, Jaq",64,10/31,Merchant,,Female,,,Asexual,,,Hylian,Human,.,5'00,,Red; Crimson,Purple; Dark,,,,.,,,,,,,,.,Scorpio,.,,,Kari Wahlgren,,"Cemetery - Aviva, Nice Girl - Syence",Zelda,,,Future Sight,.,,,,,,,,,,,.,,,,,,,,,,.,,,,,,,,,,,,,
Nelson,Preston,.,,4,09/19,,,Male,,,Pansexual,Monogamy,,Caucasian,Human,.,5'05,,,,,,,.,,,,,,,,.,Virgo,.,,,,,,Vieulx,,,,.,,,,,,,,,,,.,,,,,,,,,,.,,,,,,,,,,,,,
Belisle,Quinn,.,,27,08/22,Doctor,,Male,,,Heterosexual,Monogamy,,Caucasian,Human,.,5'10,,,,,,,.,,,,,,,Phoebe ,.,Leo,.,,,,,"Medicine (feat.antonella) El Speaker, Antonella",None,,,Dr. Guro pls,.,,,,,,,,,,,.,,,,,,,,,,.,,,,,,,,,,,,,
Senju,Ranma,.,,,,,Cisgender,Female,She/Her,Homoromantic,Homosexual,Monogamy,Konohagakure,Japanese,Human,.,,,Red; Deep,,Fair,,,.,,,,,,,,.,#N/A,.,,,,,,Naruto,,,,.,,,,,,,,,,,.,,,,,,,,,,.,,,,,,,,,,,,,
Fyfe,Renee,.,,27,02/03,Lawyer,,Female,,,Bisexual,Monogamy,American,Caucasian,Human,.,5'06,,,,,,,.,,,,,,,,.,Aquarius,.,,,,,,Vieulx,,,,.,,,,,,,,,,,.,,,,,,,,,,.,,,,,,,,,,,,,
Laconsay,Reno,.,,23,04/04,,,Male,,,Heterosexual,Monogamy,,Caucasian,Human,.,5'09,,,,,,,.,,,,,,,,.,Aries,.,,,,,Vamo Alla Flamenco - Allan Naslund,Vieulx,,,Soldier. Cards. Magician. Will's Glaive,.,,,,,,,,,,,.,,,,,,,,,,.,,,,,,,,,,,,,
Najime,Renrei,.,,22,02/13,Mechanic,,Female,,,Pansexual,Monogamy,,Middle Eastern,Human,.,5'00,,,,,,,.,,,,,,,,.,Aquarius,.,,,,,,None,,,Mechanic,.,,,,,,,,,,,.,,,,,,,,,,.,,,,,,,,,,,,,
Safire,Rhys,.,,28,07/14,,,Male,,,Pansexual,Monogamy,,French,Human,.,5'05,,,,,,,.,,,,,,,,.,Cancer,.,,,,,,Vieulx,,,Leviathan,.,,,,,,,,,,,.,,,,,,,,,,.,,,,,,,,,,,,,
,Ricardi,.,,23,08/20,Shop Owner,,Female,,,Pansexual,Monogamy,,Caucasian,Human,.,,,Purple; Lilac,Green; Fern,,,,.,,,,,,,,.,Leo,.,,,,,,Pokemon,,,,.,,,,,,,,,,,.,,,,,,,,,,.,,,,,,,,,,,,,
,Rudimentary,.,Rude,17,,,,Female,,,,,,,,.,,,,,,,,.,,,,,,,,.,#N/A,.,,,,,,,,,,.,,,,,,,,,,,.,,,,,,,,,,.,,,,,,,,,,,,,
Fyfe,Rune,.,,15,08/08,,,Female,,,Heterosexual,Monogamy,American,Caucasian,Human,.,5'01,,,,,,,.,,,,,,,,.,Leo,.,,,,,,Vieulx,,,Mace of the fierce,.,,,,,,,,,,,.,,,,,,,,,,.,,,,,,,,,,,,,
,Rutaba,.,,18,11/11,Princess,,Female,,,Pansexual,Monogamy,,Caucasian,Saiyan,.,5'01,,,,,,,.,,,,Savina,,,,.,Scorpio,.,,,Hilary Haag,Rei Sakuma,I Was The Sun (befoire It Was Cool) Novakid Theme - Curtis Schweitzer,Dragon Ball Z,,,,.,,,,,,,,,,,.,,,,,,,,,,.,,,,,,,,,,,,,
,Ruutuli,.,Ruu,27,09/10,Gremlin,,Female,,,Asexual,,,Caucasian,,.,,,Red; Blood,Brown; Tawny,,,,.,,,,,,,,.,Virgo,.,,,,,,None,,,,.,,,,,,,,,,,.,,,,,,,,,,.,,,,,,,,,,,,,
Lacasse,Sash,.,,27,06/11,Forager,,Female,,,Pansexual,Monogamy,,Caucasian,Human,.,6'00,,Green; Lime,White; Neutral,Tan,,,.,,,,,,,,.,Gemini,.,,,,,,Kismet,,,Tribal Markings. Runes. Mysterious. Masks,.,,,,,,,,,,,.,,,,,,,,,,.,,,,,,,,,,,,,
Proulx,Sayre,.,,24,06/21,,,Female,,,Heterosexual,Monogamy,,Mediterranean Descent,Gijinka,.,5'04,,,,,,,.,,,,,,,,.,Cancer,.,,,,,,None,Pokemon,,Purrloin. Mercenary ,.,,,,,,,,,,,.,,,,,,,,,,.,,,,,,,,,,,,,
Aurelio,Signe,.,,26,02/25,Mafia Princess,,Female,,,Heterosexual,Monogamy,,Italian,Human,.,5'06,,,,,,,.,,,,,,,Del ,.,Pisces,.,,,,,,Vieulx,,,,.,,,,,,,,,,,.,,,,,,,,,,.,,,,,,,,,,,,,
Faust,Silas,.,,25,04/08,,,Male,,,Bisexual,Monogamy,American,Greek Descent,Human,.,5'11,,,,,,,.,,,,,,,,.,Aries,.,,,,,Serotonin - Call Me Karizma,Vieulx,,,Mercenary. Shiva Messenger. Brainwashed by Etro,.,,,,,,,,,,,.,,,,,,,,,"Â•ë„ÇäÊú±Ê†π („ÅÇ„Åë„Å≠) Chigiri Akene (Translates to Destiny and Bloodroot), NINJA REGISTRATION - 012726,ACADEMY GRAD. AGE - 12",.,,,,,,,,,,,,,
Nox,Sybil,.,,12,09/01,,,Female,,,Greysexual,,,Lithuanian/Romanian/French/Arabian,Human,.,5'00,,,,,,,.,,,,,,,,.,Virgo,.,,,,,,Vieulx,,,,.,,,,,,,,,,,.,,,,,,,,,,.,,,,,,,,,,,,,
Seo,Takeshi,.,,15,11/20,,,Female,,,Heterosexual,Monogamy,,Japanese,Human,.,5'03,,,,,,,.,,,,,,,,.,Scorpio,.,,,,,Groovin Magic - Round Table,None,,,Cosplay. Magical Girl,.,,,,,,,,,,,.,,,,,,,,,,.,,,,,,,,,,,,,
,Tamamo,.,,???,07/29,,,Female,,,Heterosexual,Monogamy,,Ninetails / Kitsune,Gijinka / Yokai,.,5'00,,Red; Cardinal,Blonde; Medium,Fair,,,.,,,,,,,,.,Leo,.,,,,,,Pokemon,Shaman King,,,.,,,,,,,,,,,.,,,,,,,,,,.,,,,,,,,,,,,,
Mater,Terra,.,,5000,02/05,God,,,,,Asexual,,,,God,.,6'00,,,,,,,.,,,,,,,,.,Aquarius,.,,,,,,Kismet,,,,.,,,,,,,,,,,.,,,,,,,,,,.,,,,,,,,,,,,,
Suishou,Teruo,.,,26,06/03,,,Male,,,Heterosexual,Monogamy,,Japanese,Human,.,5'11,,Blue; Indigo,Pink; Soft,,,,.,,,,,,,,.,Gemini,.,,,,,,None,Naruto,,Crystals. Fortune Teller. Villain. No Patience. ,.,,,,,,,,,,,.,,,,,,,,,,.,,,,,,,,,,,,,
Guonde,Tilly,.,,15,12/11,,,Female,,,Heterosexual,Monogamy,,Feline,Chimera,.,5'03,,,,,,,.,,,,,,,,.,Sagittarius,.,,,,,La Bal Des Chats - Cecile Corbel,None,,,Cerberus Master,.,,,,,,,,,,,.,,,,,,,,,,.,,,,,,,,,,,,,
,Tint,.,,14,04/08,,,,,,Heterosexual,Monogamy,,Caucasian,Elf,.,5'04,,,,,,,.,,,,,,,,.,Aries,.,,,,,,Kismet,,,,.,,,,,,,,,,,.,,,,,,,,,,.,,,,,,,,,,,,,
Leviathan,Tohora,.,,300,02/16,Deity,,Female,,,Homosexual,Monogamy,,Polynesian Descent,Gijinka,.,5'11,,,,,,,.,,,,,,,,.,Aquarius,.,,,,,"Ocean Blue - Wrld, Laura Brehm",Pokemon,,,Kyogre,.,,,,,,,,,,,.,,,,,,,,,,.,"Â•ë„ÇäÊú±Ê†π („ÅÇ„Åë„Å≠) Chigiri Akene (Translates to Destiny and Bloodroot), NINJA REGISTRATION - 012726,ACADEMY GRAD. AGE - 12",,,,,,,,,,,,
Kujimo,Tomoe,.,,19,05/10,Martial Artist,,Female,,,Pansexual,Monogamy,,Mankey,Gijinka,.,5'05,,,,,,,.,,,,,,,,.,Taurus,.,,,,,,Pokemon,,,Mankey,.,,,,,,,,,,,.,,,,,,,,,,.,,,,,,,,,,,,,
,Tone,.,,14,11/11,,,,,,Bisexual,,,Caucasian,Elf,.,5'06,,,,,,,.,,,,,,,,.,Scorpio,.,,,,,,Kismet,,,,.,,,,,,,,,,,.,,,,,,,,,,.,,,,,,,,,,,,,
Chigiri,Tsubomi,.,,24,03/28,Ninja,,Male,,,Homosexual,Monogamy,Sunagakure,Japanese,Human,.,5'08,,,,,,,.,,,,,,,,.,Aries,.,,,,,,Naruto,,,Previous Grimoire. Suna.,.,,,,,,,,,,,.,,,,,,,,,,.,,,,,,,,,,,,,
Inu No,Unmeine,.,,200,08/05,,,Female,,,Heterosexual,Monogamy,,Japanese,Yokai,.,5'00,,Pink; Coral,Silver; Cool,Fair,,,.,,,,,,,,.,Leo,.,,,,,,Inuyasha,,,InuSesh Younger sister. Created by Koppun from Sess's younger sister. ,.,,,,,,,,,,,.,,,,,,,,,,.,,,,,,,,,,,,,
Fyfe,Vincent,.,,47,01/08,Fbi Agent,,Male,,,Heterosexual,Monogamy,American,Caucasian,Human,.,5'08,,,,,,,.,,,,,,,,.,Capricorn,.,,,,,,Vieulx,,,Military Pilot. Drones,.,,,,,,,,,,,.,,,,,,,,,,.,,,,,,,,,,,,,
Inficio,Violet,.,Vyl,15,12/13,Scribe,,Female,,,Demisexual,Monogamy,,Lithuanian / Romanian,Human,.,4'09,,,,Caramel,,,.,,,,,,,,.,Sagittarius,.,,,Melissa Fahn,,,Vieulx,Pokemon,,Sableye. Demigod,.,,,,,,,,,,,.,,,,,,,,,,.,,,,,,,,,,,,,
Neibul,Wish,.,,16,10/18,,,Female,,,Heterosexual,Monogamy,,,Dragon,.,5'05,,,,,,,.,,,,,,,,.,Libra,.,,,,,The Jellyfish Song,None,,,Star Dragon. Wish Granter. Quasar. Monkey's Paw,.,,,,,,,,,,,.,,,,,,,,,,.,,,,,,,,,,,,,
Tsuchimikado,Yasunori,.,Yasu,29,08/28,Potion Master,,Male,,,Greysexual,,,,Gijinka,.,6'00,,,,,,,.,,,,,,,,.,Virgo,.,,,,,Black Magic - Jaymes Young,Pokemon,,,Mismagius,.,,,,,,,,,,,.,,,,,,,,,,.,,,,,,,,,,,,,